"","Estimate","Std.err.","t-ratio(0)","p(2-sided)","Rob.std.err.","Rob.t-ratio(0)","Rob.p-val(0)"
"b_no_choice",-5.00450066593822,0.250279284628753,-19.9956647365424,0,0.303202325721052,-16.5054824498358,0
"b_powertrainbev",-2.12871608945592,0.192960652843665,-11.0318661244403,0,0.264320834462747,-8.05353120870209,8.88178419700125e-16
"b_powertrainhev",-0.37718190415546,0.0863281143167431,-4.36916648928015,1.2472165646038e-05,0.109485180184051,-3.44504985534476,0.000570954072948382
"b_range_bev",0.42829151585009,0.113289358529581,3.78050967371538,0.00015650763779429,0.146256312850842,2.92836259510301,0.00340752406887068
"b_mileage",-0.175317168843198,0.0251218082216687,-6.97868430871861,2.979616553489e-12,0.0294051327581585,-5.96212811841686,2.48973819338971e-09
"b_age",-0.0917648992367978,0.0144326795961918,-6.35813319523916,2.04220418353884e-10,0.0151768508150589,-6.04637288427096,1.48143008971147e-09
"b_operating_cost",-0.709515045361344,0.107027155772644,-6.62929926745463,3.37283534435073e-11,0.112756217420618,-6.29246937855868,3.12454950801566e-10
"b_price",-0.857665559679929,0.0588482546822078,-14.5741885517505,0,0.0779526281266738,-11.0023944065903,0
