"","Estimate","Std.err.","t-ratio(0)","p(2-sided)","Rob.std.err.","Rob.t-ratio(0)","Rob.p-val(0)"
"b_no_choice",-5.00450451501017,0.25027932664024,-19.9956767592068,0,0.30320239844129,-16.5054911858793,0
"b_powertrainbev",2.48198545178549,0.267472461367803,9.27940558475849,0,0.377215782171335,6.57974975887449,4.71240824140295e-11
"b_powertrainhev",0.439779553007251,0.10468278127424,4.20106867293822,2.65657986402434e-05,0.133604082165958,3.29166254412028,0.000995970425190063
"b_range_bev",-0.499364401818649,0.133684668658466,-3.7353902046495,0.000187424341153708,0.177664536831612,-2.81071513045927,0.00494315303660708
"b_mileage",0.204412659945482,0.0316683541034073,6.45479267024771,1.08367093076822e-10,0.037786752352393,5.40963822556551,6.31521919203237e-08
"b_age",0.106994006327932,0.0180232142186425,5.93645534198122,2.91250201733817e-09,0.0205601353677592,5.20395437160942,1.95091926835644e-07
"b_operating_cost",0.827266238386406,0.134299250169023,6.15987235479907,7.28036075869909e-10,0.143456504059309,5.76666944319505,8.08534150742446e-09
"b_price",-0.857665099739899,0.0588482695397767,-14.5741770564755,0,0.0779526592792774,-11.0023841094013,0
