"","Estimate","Std.err.","t-ratio(0)","p(2-sided)","Rob.std.err.","Rob.t-ratio(0)","Rob.p-val(0)"
"b_no_choice",-4.72022608983951,0.228765773440106,-20.6334453745342,0,0.297105286673882,-15.887385050205,0
"b_powertrainbev",-1.94128182004157,0.243804657822032,-7.96244763075294,1.77635683940025e-15,0.322992940859111,-6.01029178804361,1.85189708012956e-09
"b_powertrainhev",-0.141113449809259,0.068211802494866,-2.06875415467697,0.0385691625134714,0.0929238312489233,-1.51859267867729,0.128865055142529
"b_range_bev",0.332728321385013,0.0894386545251433,3.72018478085977,0.000199077071961096,0.111797040303221,2.97618184240453,0.00291861746213362
"b_mileage",-0.233087254459381,0.0234257381654927,-9.95004950592036,0,0.0269797065937992,-8.63935468123109,0
"b_age",-0.0978968354090674,0.0130249640816937,-7.51609254313868,5.6399329650958e-14,0.0142569452980775,-6.86660665116448,6.57474075183018e-12
"b_operating_cost",-0.51133033579906,0.0871860574277084,-5.86481773445297,4.49626313958618e-09,0.10130962565949,-5.0472038808798,4.48322860391315e-07
"b_price",-0.663567973139284,0.0448108543315491,-14.8081973226763,0,0.0619641774410827,-10.7088966648548,0
